<?xml version="1.0" encoding="UTF-8" ?>
<!DOCTYPE mapper PUBLIC "-//mybatis.org//DTD Mapper 3.0//EN" "http://mybatis.org/dtd/mybatis-3-mapper.dtd">
<mapper namespace="edu.uestc.attendance.dao.student.StudentMapper">
	<resultMap type="edu.uestc.attendance.dao.student.StudentEntity" id="StudentsMap">
		<result column="student_id" property="id" />
		<result column="name" property="name" />
		<result column="sex" property="sex" />
		<result column="collegeid" property="classes" />
	</resultMap>
	
	
	<select id="getLists" resultMap="StudentsMap" resultType="edu.uestc.attendance.dao.student.StudentEntity">
		select * from 
		students
	</select>
	
</mapper>
