<?xml version="1.0" encoding="UTF-8" ?>
<!DOCTYPE mapper PUBLIC "-//mybatis.org//DTD Mapper 3.0//EN" "http://mybatis.org/dtd/mybatis-3-mapper.dtd">
<mapper namespace="edu.uestc.attendance.dao.admin.CheckLeaveMessagesMapper">
	<resultMap type="edu.uestc.attendance.dao.admin.CheckLeaveMessageEntity" id="admin_LeaveMessagesEntity">
		<id column="id" property="id"/>
		<result column="instructorid" property="instructor_id" />
		<result column="studentid" property="student_id" />
		<result column="contents" property="contents" />
		<result column="submittime" property="submit_time" />
		<result column="time" property="time" />
		<result column="checked" property="checked" />
	</resultMap>
	
	
	<select id="getAllUnChecked" resultMap="admin_LeaveMessagesEntity">
		select * from leave_message where checked = 0
	</select>
	
</mapper>
