<?xml version="1.0" encoding="UTF-8"?>
<beans xmlns="http://www.springframework.org/schema/beans"
    xmlns:xsi="http://www.w3.org/2001/XMLSchema-instance"
    xmlns:aop="http://www.springframework.org/schema/aop"
    xmlns:tx="http://www.springframework.org/schema/tx"
    xsi:schemaLocation="
    http://www.springframework.org/schema/beans 
    http://www.springframework.org/schema/beans/spring-beans-3.2.xsd
    http://www.springframework.org/schema/tx
    http://www.springframework.org/schema/tx/spring-tx-3.2.xsd
    http://www.springframework.org/schema/aop
    http://www.springframework.org/schema/aop/spring-aop-3.2xsd">
    <bean id="TeachMessageImpl" class="edu.uestc.attendance.impl.TeachMessageImpl">
		<property name="sqlSessionFactory" ref="sqlSessionFactory"></property>
    </bean>
    <bean id="GetTeachMessageAction" class="edu.uestc.attendance.action.student.GetTeachMessageAction">
		<property name="mapper" ref="TeachMessageImpl"></property>
    </bean>
    <bean id="GetMyAttendance" class="edu.uestc.attendance.json.ListAttendances">
		<property name="service" ref="AttendanceImpl"></property>
    </bean>
    <bean id="StudentSubmitLeaveMessage" class="edu.uestc.attendance.impl.StudentSubmitLeaveMessage">
		<property name="sqlSessionFactory" ref="sqlSessionFactory"></property>
    </bean>
    <bean id="SubmitLeaveMessage" class="edu.uestc.attendance.action.student.SubmitLeaveMessage">
		<property name="service" ref="StudentSubmitLeaveMessage"></property>
    </bean>
</beans>

