<?xml version="1.0" encoding="UTF-8"?>
<beans xmlns="http://www.springframework.org/schema/beans"
    xmlns:xsi="http://www.w3.org/2001/XMLSchema-instance"
    xmlns:aop="http://www.springframework.org/schema/aop"
    xmlns:tx="http://www.springframework.org/schema/tx"
    xsi:schemaLocation="
    http://www.springframework.org/schema/beans 
    http://www.springframework.org/schema/beans/spring-beans-3.2.xsd
    http://www.springframework.org/schema/tx
    http://www.springframework.org/schema/tx/spring-tx-3.2.xsd
    http://www.springframework.org/schema/aop
    http://www.springframework.org/schema/aop/spring-aop-3.2xsd">
    
	<bean id="TeacherService" class="edu.uestc.attendance.impl.TeacherImpl" >
		<property name="sqlSessionFactory" ref="sqlSessionFactory"></property>
	</bean>
	<bean id="listStudents" class="edu.uestc.attendance.action.teacher.listStudents">
		<property name="teacher" ref="TeacherService"></property>
	</bean>
	<bean id="TeachersMessageImpl" class="edu.uestc.attendance.impl.TeachersMessageImpl">
		<property name="sqlSessionFactory" ref="sqlSessionFactory"></property>
	</bean>
	<bean id="TeacherMessage" class="edu.uestc.attendance.action.teacher.TeachMessage">
		<property name="service" ref="TeachersMessageImpl"></property>
	</bean>
</beans>