<?xml version="1.0" encoding="UTF-8"?>
<beans xmlns="http://www.springframework.org/schema/beans"
	xmlns:xsi="http://www.w3.org/2001/XMLSchema-instance" xmlns:aop="http://www.springframework.org/schema/aop"
	xmlns:tx="http://www.springframework.org/schema/tx"
	xsi:schemaLocation="
    http://www.springframework.org/schema/beans 
    http://www.springframework.org/schema/beans/spring-beans-3.2.xsd
    http://www.springframework.org/schema/tx
    http://www.springframework.org/schema/tx/spring-tx-3.2.xsd
    http://www.springframework.org/schema/aop
    http://www.springframework.org/schema/aop/spring-aop-3.2xsd">
	<import resource="classpath:resources/spring-students.xml" />
	<import resource="classpath:resources/spring-teachers.xml" />
	<import resource="classpath:resources/spring-administrators.xml" />
	<bean id="dataSource" class="com.alibaba.druid.pool.DruidDataSource">
		<property name="url" value="jdbc:mysql://localhost:3306/attendance" />
		<property name="username" value="root" />
		<property name="password" value="get.love" />
		<property name="maxActive" value="100"></property>
		<property name="maxIdle" value="30"></property>
		<property name="maxWait" value="500"></property>
		<property name="connectionProperties" value="druid.stat.slowSqlMillis=5000" />
		<property name="defaultAutoCommit" value="true"></property>
	</bean>
	<bean id="sqlSessionFactory" class="org.mybatis.spring.SqlSessionFactoryBean">
		<property name="dataSource" ref="dataSource" />
		<property name="configLocation" value="classpath:mybatis-config.xml" />
	</bean>
	<bean id="LoginService" class="edu.uestc.attendance.impl.LogimImpl">
		<property name="sqlSessionFactory" ref="sqlSessionFactory"></property>
	</bean>
	<bean id="LoginAction" class="edu.uestc.attendance.action.LoginAction">
		<property name="login" ref="LoginService" />
	</bean>
	<bean id="AttendanceImpl" class="edu.uestc.attendance.impl.AttendanceImpl">
		<property name="sqlSessionFactory" ref="sqlSessionFactory"></property>
	</bean>
	<bean id="AttendanceAction" class="edu.uestc.attendance.action.AttendanceAction">
		<property name="attendance" ref="AttendanceImpl"></property>
	</bean>

	<bean id="ListPickedCourse" class="edu.uestc.attendance.impl.ListPickedCoursesImpl">
		<property name="sqlSessionFactory" ref="sqlSessionFactory"></property>
	</bean>
	<bean id="listpickedcoursesAction" class="edu.uestc.attendance.action.listpickedcoursesAction">
		<property name="pickedCourse" ref="ListPickedCourse"></property>
	</bean>
	<bean id="LeaveMessagesImpl" class="edu.uestc.attendance.impl.LeaveMessagesImpl">
		<property name="sqlSessionFactory" ref="sqlSessionFactory"></property>
	</bean>
	<bean id="GetLeaveMessages" class="edu.uestc.attendance.json.GetLeaveMessages">
		<property name="service" ref="LeaveMessagesImpl"></property>
	</bean>

</beans>