<!DOCTYPE struts PUBLIC
        "-//Apache Software Foundation//DTD Struts Configuration 2.0//EN"
        "http://struts.apache.org/dtds/struts-2.3.dtd">
<struts>
	<constant name="struts.devMode" value="true"></constant>
	<constant name="struts.objectFactory" value="spring"></constant>
    <!-- struts2的action必须放在一个指定的包空间下定义 -->
    <package name="default" extends="struts-default" namespace="/">
        <!-- 定义处理请求URL为login.action的Action -->
        <action name="login" class="LoginAction">
            <!-- 定义处理结果字符串和资源之间的映射关系 -->
            <result name="success">main.jsp</result>
            <result name="error">error.jsp</result>
        </action>
        <action name="liststudentinterval" class="AttendanceAction">
        	<result>liststudentattendance.jsp</result>
        </action>
    </package>
    
    <include file="resources/struts-json.xml" />
    <include file="resources/struts-teacher.xml" />
    <include file="resources/struts-student.xml" />
</struts>