<?xml version="1.0" encoding="UTF-8" ?>
<!DOCTYPE mapper PUBLIC "-//mybatis.org//DTD Mapper 3.0//EN" "http://mybatis.org/dtd/mybatis-3-mapper.dtd">
<mapper namespace="edu.uestc.attendance.dao.common.PickedCourseMapper">

	<resultMap type="edu.uestc.attendance.dao.common.PickedCourseEntity" id="PickedCourseMapper">
		<result property="student_id" column="student_id"/>
		<result property="student_name" column="student_name"/>
		<result property="student_sex" column="student_sex"/>
		<result property="teacher_id" column="teacher_id"/>
		<result property="teacher_name" column="teacher_name"/>
		<result property="course_id" column="course_id"/>
		<result property="course_time" column="course_time"/>
		<result property="course_name" column="course_name"/>
	</resultMap>
	
	<!-- 根据学号查找所选择的课程具体情况 -->
	<select id="listByStuID" resultMap="PickedCourseMapper" resultType="edu.uestc.attendance.dao.common.PickedCourseEntity">
		select * from picked_courses where student_id = #{0}
	</select>
	
	
	<!--根据教师编号查找所有的课程的具体情况-->
	<select id="listByTeaID" resultMap="PickedCourseMapper" resultType="edu.uestc.attendance.dao.common.PickedCourseEntity">
		select * from picked_courses where teacher_id = #{0}
	</select>
</mapper>
